{"cameraMode":{"drawMode":0,"name":"Shaded","section":"Shading Mode"},"sceneLighting":false,"audioPlay":false,"sceneViewState":{"m_AlwaysRefresh":false,"showFog":true,"showSkybox":false,"showFlares":true,"showImageEffects":true,"showParticleSystems":true,"showVisualEffectGraphs":true,"m_FxEnabled":true},"in2DMode":false,"pivot":{"x":0.006672622170299292,"y":0.040409255772829059,"z":-0.01701022870838642},"rotation":{"x":-0.316275030374527,"y":-0.10839089006185532,"z":0.03640729561448097,"w":-0.9417616724967957},"size":0.13176988065242768,"orthographic":true}