{"cameraMode":{"drawMode":0,"name":"Shaded","section":"Shading Mode"},"sceneLighting":false,"audioPlay":false,"sceneViewState":{"m_AlwaysRefresh":false,"showFog":true,"showSkybox":false,"showFlares":true,"showImageEffects":true,"showParticleSystems":true,"showVisualEffectGraphs":true,"m_FxEnabled":true},"in2DMode":false,"pivot":{"x":-0.9251367449760437,"y":8.849249839782715,"z":0.010547280311584473},"rotation":{"x":-0.04892561957240105,"y":-0.9416691064834595,"z":0.15679900348186494,"w":-0.2937779426574707},"size":3.613783121109009,"orthographic":false}