{"cameraMode":{"drawMode":0,"name":"Shaded","section":"Shading Mode"},"sceneLighting":false,"audioPlay":false,"sceneViewState":{"m_AlwaysRefresh":false,"showFog":true,"showSkybox":false,"showFlares":true,"showImageEffects":true,"showParticleSystems":true,"showVisualEffectGraphs":true,"m_FxEnabled":true},"in2DMode":false,"pivot":{"x":1001.154541015625,"y":561.97802734375,"z":-0.20614421367645265},"rotation":{"x":0.0074997772462666039,"y":0.0060000005178153519,"z":-0.00004492209336603992,"w":0.999952495098114},"size":564.6500244140625,"orthographic":true}