{"cameraMode":{"drawMode":0,"name":"Shaded","section":"Shading Mode"},"sceneLighting":false,"audioPlay":false,"sceneViewState":{"m_AlwaysRefresh":false,"showFog":true,"showSkybox":false,"showFlares":true,"showImageEffects":true,"showParticleSystems":true,"showVisualEffectGraphs":true,"m_FxEnabled":true},"in2DMode":false,"pivot":{"x":-113.93899536132813,"y":415.5270690917969,"z":151.2777099609375},"rotation":{"x":0.0074997772462666039,"y":0.0060000005178153519,"z":-0.00004492209336603992,"w":0.999952495098114},"size":341.8988342285156,"orthographic":true}