{"cameraMode":{"drawMode":0,"name":"Shaded","section":"Shading Mode"},"sceneLighting":true,"audioPlay":false,"sceneViewState":{"m_AlwaysRefresh":false,"showFog":true,"showSkybox":true,"showFlares":true,"showImageEffects":true,"showParticleSystems":true,"showVisualEffectGraphs":true,"m_FxEnabled":true},"in2DMode":false,"pivot":{"x":736.7313842773438,"y":671.8416137695313,"z":4.657425880432129},"rotation":{"x":0.0074997772462666039,"y":0.0060000005178153519,"z":-0.00004492209336603992,"w":0.999952495098114},"size":750.3719482421875,"orthographic":true}