{"cameraMode":{"drawMode":0,"name":"Shaded","section":"Shading Mode"},"sceneLighting":true,"audioPlay":false,"sceneViewState":{"m_AlwaysRefresh":false,"showFog":true,"showSkybox":true,"showFlares":true,"showImageEffects":true,"showParticleSystems":true,"showVisualEffectGraphs":true,"m_FxEnabled":true},"in2DMode":false,"pivot":{"x":949.2793579101563,"y":524.1976928710938,"z":-0.108348049223423},"rotation":{"x":0.0074997772462666039,"y":0.0060000005178153519,"z":-0.00004492209336603992,"w":0.999952495098114},"size":625.7064208984375,"orthographic":true}